GPUs,Runtime,Speedup,Efficiency
8,805.249,1.0,100.0
16,2561.94,0.3143122009102477,15.715610045512385
32,2644.061,0.304550084131947,7.613752103298675
64,2691.97,0.2991300051635048,3.73912506454381
128,2895.328,0.2781201300854342,1.7382508130339636
256,3105.905,0.2592638860493157,0.8101996439041116
